"Pathway_KEGG_ID","Input_Genes","Entrez_Mapped","EC_Mapped","IMD_EC_Mapped","Colored_IMD_Genes","Rectangle_Nodes","Matched_Rectangle_Nodes","Output_Figure"
"hsa00010",67,67,74,30,28,70,24,"hsa00010_Human_to_Mouse_IMD_only_colored.png"
"hsa00020",30,30,31,26,26,49,20,"hsa00020_Human_to_Mouse_IMD_only_colored.png"
"hsa00030",31,31,35,17,15,77,16,"hsa00030_Human_to_Mouse_IMD_only_colored.png"
"hsa00040",36,36,37,7,7,95,7,"hsa00040_Human_to_Mouse_IMD_only_colored.png"
"hsa00051",35,35,41,18,16,84,15,"hsa00051_Human_to_Mouse_IMD_only_colored.png"
"hsa00052",32,32,41,20,16,66,23,"hsa00052_Human_to_Mouse_IMD_only_colored.png"
"hsa00053",31,31,34,8,6,65,5,"hsa00053_Human_to_Mouse_IMD_only_colored.png"
"hsa00061",18,18,21,10,6,257,20,"hsa00061_Human_to_Mouse_IMD_only_colored.png"
"hsa00062",28,28,30,12,11,43,37,"hsa00062_Human_to_Mouse_IMD_only_colored.png"
"hsa00071",43,43,50,26,21,85,56,"hsa00071_Human_to_Mouse_IMD_only_colored.png"
"hsa00100",20,20,23,12,11,65,31,"hsa00100_Human_to_Mouse_IMD_only_colored.png"
"hsa00120",17,17,22,14,11,53,39,"hsa00120_Human_to_Mouse_IMD_only_colored.png"
"hsa00130",12,12,14,10,9,74,12,"hsa00130_Human_to_Mouse_IMD_only_colored.png"
"hsa00140",66,66,89,23,19,130,85,"hsa00140_Human_to_Mouse_IMD_only_colored.png"
"hsa00190",136,135,28,15,57,199,61,"hsa00190_Human_to_Mouse_IMD_only_colored.png"
"hsa00220",23,23,25,15,13,44,13,"hsa00220_Human_to_Mouse_IMD_only_colored.png"
"hsa00230",128,128,146,42,35,174,76,"hsa00230_Human_to_Mouse_IMD_only_colored.png"
"hsa00232",6,6,5,2,1,28,4,"hsa00232_Human_to_Mouse_IMD_only_colored.png"
"hsa00240",58,58,65,25,21,131,48,"hsa00240_Human_to_Mouse_IMD_only_colored.png"
"hsa00250",37,37,46,27,21,79,21,"hsa00250_Human_to_Mouse_IMD_only_colored.png"
"hsa00260",39,39,49,29,23,102,26,"hsa00260_Human_to_Mouse_IMD_only_colored.png"
"hsa00270",51,51,63,28,23,117,23,"hsa00270_Human_to_Mouse_IMD_only_colored.png"
"hsa00280",48,48,58,47,38,63,46,"hsa00280_Human_to_Mouse_IMD_only_colored.png"
"hsa00290",4,4,6,1,1,28,3,"hsa00290_Human_to_Mouse_IMD_only_colored.png"
"hsa00310",63,63,77,23,18,68,16,"hsa00310_Human_to_Mouse_IMD_only_colored.png"
"hsa00330",50,50,56,23,20,114,23,"hsa00330_Human_to_Mouse_IMD_only_colored.png"
"hsa00340",22,22,26,12,9,40,7,"hsa00340_Human_to_Mouse_IMD_only_colored.png"
"hsa00350",37,37,38,12,11,101,21,"hsa00350_Human_to_Mouse_IMD_only_colored.png"
"hsa00360",16,16,17,7,6,69,6,"hsa00360_Human_to_Mouse_IMD_only_colored.png"
"hsa00380",42,42,54,25,20,80,22,"hsa00380_Human_to_Mouse_IMD_only_colored.png"
"hsa00400",6,6,6,3,3,80,5,"hsa00400_Human_to_Mouse_IMD_only_colored.png"
"hsa00410",31,31,41,24,17,44,14,"hsa00410_Human_to_Mouse_IMD_only_colored.png"
"hsa00430",17,16,26,8,4,30,5,"hsa00430_Human_to_Mouse_IMD_only_colored.png"
"hsa00440",6,6,7,3,3,51,3,"hsa00440_Human_to_Mouse_IMD_only_colored.png"
"hsa00450",17,17,24,8,7,22,8,"hsa00450_Human_to_Mouse_IMD_only_colored.png"
"hsa00470",6,6,6,1,1,73,1,"hsa00470_Human_to_Mouse_IMD_only_colored.png"
"hsa00480",59,58,68,16,13,65,14,"hsa00480_Human_to_Mouse_IMD_only_colored.png"
"hsa00500",36,36,43,22,19,89,18,"hsa00500_Human_to_Mouse_IMD_only_colored.png"
"hsa00510",56,56,52,29,30,53,30,"hsa00510_Human_to_Mouse_IMD_only_colored.png"
"hsa00512",36,36,35,2,3,15,2,"hsa00512_Human_to_Mouse_IMD_only_colored.png"
"hsa00513",44,44,40,21,21,57,14,"hsa00513_Human_to_Mouse_IMD_only_colored.png"
"hsa00515",23,23,19,11,14,24,16,"hsa00515_Human_to_Mouse_IMD_only_colored.png"
"hsa00520",38,38,42,21,20,130,24,"hsa00520_Human_to_Mouse_IMD_only_colored.png"
"hsa00524",5,5,5,2,2,82,2,"hsa00524_Human_to_Mouse_IMD_only_colored.png"
"hsa00531",19,19,18,13,13,26,19,"hsa00531_Human_to_Mouse_IMD_only_colored.png"
"hsa00532",21,21,25,13,11,21,13,"hsa00532_Human_to_Mouse_IMD_only_colored.png"
"hsa00534",24,24,23,12,11,29,12,"hsa00534_Human_to_Mouse_IMD_only_colored.png"
"hsa00541",20,20,26,13,10,131,12,"hsa00541_Human_to_Mouse_IMD_only_colored.png"
"hsa00561",64,64,76,22,16,49,13,"hsa00561_Human_to_Mouse_IMD_only_colored.png"
"hsa00562",78,78,92,28,24,71,17,"hsa00562_Human_to_Mouse_IMD_only_colored.png"
"hsa00563",30,30,4,2,23,61,32,"hsa00563_Human_to_Mouse_IMD_only_colored.png"
"hsa00564",102,102,116,20,19,100,22,"hsa00564_Human_to_Mouse_IMD_only_colored.png"
"hsa00565",51,51,55,4,4,24,5,"hsa00565_Human_to_Mouse_IMD_only_colored.png"
"hsa00590",63,62,90,11,9,60,15,"hsa00590_Human_to_Mouse_IMD_only_colored.png"
"hsa00591",30,30,44,2,2,24,1,"hsa00591_Human_to_Mouse_IMD_only_colored.png"
"hsa00592",26,26,29,3,3,27,4,"hsa00592_Human_to_Mouse_IMD_only_colored.png"
"hsa00600",55,55,57,26,25,65,38,"hsa00600_Human_to_Mouse_IMD_only_colored.png"
"hsa00601",28,28,35,5,3,82,4,"hsa00601_Human_to_Mouse_IMD_only_colored.png"
"hsa00603",16,16,18,5,5,21,6,"hsa00603_Human_to_Mouse_IMD_only_colored.png"
"hsa00604",15,15,13,5,6,30,9,"hsa00604_Human_to_Mouse_IMD_only_colored.png"
"hsa00620",47,47,56,30,23,91,15,"hsa00620_Human_to_Mouse_IMD_only_colored.png"
"hsa00630",31,31,36,26,22,95,20,"hsa00630_Human_to_Mouse_IMD_only_colored.png"
"hsa00640",32,32,45,35,23,77,19,"hsa00640_Human_to_Mouse_IMD_only_colored.png"
"hsa00650",27,27,31,19,15,73,11,"hsa00650_Human_to_Mouse_IMD_only_colored.png"
"hsa00670",37,37,46,28,23,64,39,"hsa00670_Human_to_Mouse_IMD_only_colored.png"
"hsa00730",15,15,16,7,7,41,4,"hsa00730_Human_to_Mouse_IMD_only_colored.png"
"hsa00740",8,8,12,3,2,39,2,"hsa00740_Human_to_Mouse_IMD_only_colored.png"
"hsa00750",6,6,6,3,3,35,8,"hsa00750_Human_to_Mouse_IMD_only_colored.png"
"hsa00760",38,38,48,9,7,79,13,"hsa00760_Human_to_Mouse_IMD_only_colored.png"
"hsa00770",21,21,25,12,10,38,12,"hsa00770_Human_to_Mouse_IMD_only_colored.png"
"hsa00780",3,3,6,5,2,38,9,"hsa00780_Human_to_Mouse_IMD_only_colored.png"
"hsa00785",19,19,16,15,18,45,26,"hsa00785_Human_to_Mouse_IMD_only_colored.png"
"hsa00790",28,28,39,17,14,75,24,"hsa00790_Human_to_Mouse_IMD_only_colored.png"
"hsa00830",68,68,67,7,6,40,9,"hsa00830_Human_to_Mouse_IMD_only_colored.png"
"hsa00860",46,46,49,25,23,146,24,"hsa00860_Human_to_Mouse_IMD_only_colored.png"
"hsa00900",23,23,28,17,14,68,11,"hsa00900_Human_to_Mouse_IMD_only_colored.png"
"hsa00910",17,17,17,4,4,72,4,"hsa00910_Human_to_Mouse_IMD_only_colored.png"
"hsa00920",10,10,14,9,7,102,9,"hsa00920_Human_to_Mouse_IMD_only_colored.png"
"hsa00970",66,66,48,46,42,66,25,"hsa00970_Human_to_Mouse_IMD_only_colored.png"
"hsa00980",77,77,83,3,3,87,10,"hsa00980_Human_to_Mouse_IMD_only_colored.png"
"hsa00982",71,71,78,3,3,62,7,"hsa00982_Human_to_Mouse_IMD_only_colored.png"
"hsa00983",81,81,86,20,18,43,22,"hsa00983_Human_to_Mouse_IMD_only_colored.png"
"hsa01040",27,27,31,12,9,14,3,"hsa01040_Human_to_Mouse_IMD_only_colored.png"
"hsa02010",45,45,10,4,14,517,14,"hsa02010_Human_to_Mouse_IMD_only_colored.png"
"hsa03008",122,122,17,2,9,67,9,"hsa03008_Human_to_Mouse_IMD_only_colored.png"
"hsa03010",203,204,0,0,37,202,37,"hsa03010_Human_to_Mouse_IMD_only_colored.png"
"hsa03015",103,103,26,1,1,70,1,"hsa03015_Human_to_Mouse_IMD_only_colored.png"
"hsa03018",78,78,24,5,6,79,8,"hsa03018_Human_to_Mouse_IMD_only_colored.png"
"hsa03020",34,34,6,4,7,64,9,"hsa03020_Human_to_Mouse_IMD_only_colored.png"
"hsa03030",36,36,19,3,6,65,9,"hsa03030_Human_to_Mouse_IMD_only_colored.png"
"hsa03060",31,31,5,0,1,49,1,"hsa03060_Human_to_Mouse_IMD_only_colored.png"
"hsa03083",83,83,20,1,2,64,2,"hsa03083_Human_to_Mouse_IMD_only_colored.png"
"hsa03250",72,72,19,0,2,85,2,"hsa03250_Human_to_Mouse_IMD_only_colored.png"
"hsa03265",12,12,0,0,1,39,1,"hsa03265_Human_to_Mouse_IMD_only_colored.png"
"hsa03272",48,48,2,0,5,49,6,"hsa03272_Human_to_Mouse_IMD_only_colored.png"
"hsa03273",17,17,0,0,2,18,2,"hsa03273_Human_to_Mouse_IMD_only_colored.png"
"hsa03320",76,76,42,20,24,60,19,"hsa03320_Human_to_Mouse_IMD_only_colored.png"
"hsa03410",44,44,31,2,3,65,2,"hsa03410_Human_to_Mouse_IMD_only_colored.png"
"hsa03430",23,23,4,0,1,32,1,"hsa03430_Human_to_Mouse_IMD_only_colored.png"
"hsa03440",41,41,7,1,2,69,2,"hsa03440_Human_to_Mouse_IMD_only_colored.png"
"hsa03460",54,54,15,1,1,58,1,"hsa03460_Human_to_Mouse_IMD_only_colored.png"
"hsa04010",300,300,139,3,4,129,4,"hsa04010_Human_to_Mouse_IMD_only_colored.png"
"hsa04012",86,86,48,4,6,76,3,"hsa04012_Human_to_Mouse_IMD_only_colored.png"
"hsa04014",238,238,85,9,15,97,11,"hsa04014_Human_to_Mouse_IMD_only_colored.png"
"hsa04015",212,212,59,8,14,95,7,"hsa04015_Human_to_Mouse_IMD_only_colored.png"
"hsa04020",254,252,83,7,19,64,10,"hsa04020_Human_to_Mouse_IMD_only_colored.png"
"hsa04022",166,166,60,5,10,73,7,"hsa04022_Human_to_Mouse_IMD_only_colored.png"
"hsa04024",226,226,68,6,17,102,9,"hsa04024_Human_to_Mouse_IMD_only_colored.png"
"hsa04060",298,298,13,0,1,440,1,"hsa04060_Human_to_Mouse_IMD_only_colored.png"
"hsa04062",193,193,56,7,11,68,5,"hsa04062_Human_to_Mouse_IMD_only_colored.png"
"hsa04064",105,105,31,1,1,171,1,"hsa04064_Human_to_Mouse_IMD_only_colored.png"
"hsa04066",110,110,66,17,23,76,18,"hsa04066_Human_to_Mouse_IMD_only_colored.png"
"hsa04068",132,132,61,11,14,94,10,"hsa04068_Human_to_Mouse_IMD_only_colored.png"
"hsa04070",98,98,97,26,26,54,24,"hsa04070_Human_to_Mouse_IMD_only_colored.png"
"hsa04071",125,125,72,24,20,69,16,"hsa04071_Human_to_Mouse_IMD_only_colored.png"
"hsa04072",149,149,74,14,21,67,14,"hsa04072_Human_to_Mouse_IMD_only_colored.png"
"hsa04080",370,370,7,0,24,149,10,"hsa04080_Human_to_Mouse_IMD_only_colored.png"
"hsa04081",219,219,38,7,16,272,34,"hsa04081_Human_to_Mouse_IMD_only_colored.png"
"hsa04082",199,199,21,4,33,137,26,"hsa04082_Human_to_Mouse_IMD_only_colored.png"
"hsa04114",138,138,49,0,4,87,3,"hsa04114_Human_to_Mouse_IMD_only_colored.png"
"hsa04115",75,75,23,4,5,74,5,"hsa04115_Human_to_Mouse_IMD_only_colored.png"
"hsa04120",142,142,84,2,2,115,2,"hsa04120_Human_to_Mouse_IMD_only_colored.png"
"hsa04122",8,8,8,6,4,40,10,"hsa04122_Human_to_Mouse_IMD_only_colored.png"
"hsa04130",33,33,0,0,6,42,6,"hsa04130_Human_to_Mouse_IMD_only_colored.png"
"hsa04136",32,32,6,0,1,35,3,"hsa04136_Human_to_Mouse_IMD_only_colored.png"
"hsa04137",104,104,27,4,7,84,11,"hsa04137_Human_to_Mouse_IMD_only_colored.png"
"hsa04140",168,168,58,9,20,131,19,"hsa04140_Human_to_Mouse_IMD_only_colored.png"
"hsa04141",173,173,45,8,22,115,18,"hsa04141_Human_to_Mouse_IMD_only_colored.png"
"hsa04142",249,248,62,38,86,130,71,"hsa04142_Human_to_Mouse_IMD_only_colored.png"
"hsa04144",251,250,44,5,17,132,17,"hsa04144_Human_to_Mouse_IMD_only_colored.png"
"hsa04145",155,154,10,2,10,84,9,"hsa04145_Human_to_Mouse_IMD_only_colored.png"
"hsa04146",83,83,69,34,41,74,39,"hsa04146_Human_to_Mouse_IMD_only_colored.png"
"hsa04148",157,157,64,8,14,108,14,"hsa04148_Human_to_Mouse_IMD_only_colored.png"
"hsa04150",157,156,42,10,13,89,8,"hsa04150_Human_to_Mouse_IMD_only_colored.png"
"hsa04151",361,361,80,12,15,115,12,"hsa04151_Human_to_Mouse_IMD_only_colored.png"
"hsa04152",122,122,58,23,24,82,20,"hsa04152_Human_to_Mouse_IMD_only_colored.png"
"hsa04210",137,137,50,9,16,120,8,"hsa04210_Human_to_Mouse_IMD_only_colored.png"
"hsa04211",90,90,35,5,11,56,8,"hsa04211_Human_to_Mouse_IMD_only_colored.png"
"hsa04213",62,62,31,5,11,67,17,"hsa04213_Human_to_Mouse_IMD_only_colored.png"
"hsa04215",32,32,10,1,3,51,5,"hsa04215_Human_to_Mouse_IMD_only_colored.png"
"hsa04216",42,42,16,8,17,38,21,"hsa04216_Human_to_Mouse_IMD_only_colored.png"
"hsa04217",168,168,57,10,15,85,14,"hsa04217_Human_to_Mouse_IMD_only_colored.png"
"hsa04218",157,157,52,6,9,117,6,"hsa04218_Human_to_Mouse_IMD_only_colored.png"
"hsa04260",87,87,10,1,15,30,2,"hsa04260_Human_to_Mouse_IMD_only_colored.png"
"hsa04261",154,153,48,4,5,54,3,"hsa04261_Human_to_Mouse_IMD_only_colored.png"
"hsa04270",134,134,64,5,7,59,4,"hsa04270_Human_to_Mouse_IMD_only_colored.png"
"hsa04310",174,174,48,3,3,105,1,"hsa04310_Human_to_Mouse_IMD_only_colored.png"
"hsa04330",62,62,18,1,1,38,1,"hsa04330_Human_to_Mouse_IMD_only_colored.png"
"hsa04350",110,110,25,0,7,104,8,"hsa04350_Human_to_Mouse_IMD_only_colored.png"
"hsa04360",184,184,61,3,5,157,2,"hsa04360_Human_to_Mouse_IMD_only_colored.png"
"hsa04370",60,60,40,5,7,34,4,"hsa04370_Human_to_Mouse_IMD_only_colored.png"
"hsa04371",140,140,50,5,11,73,9,"hsa04371_Human_to_Mouse_IMD_only_colored.png"
"hsa04380",135,136,45,5,10,83,6,"hsa04380_Human_to_Mouse_IMD_only_colored.png"
"hsa04382",215,215,33,15,17,83,15,"hsa04382_Human_to_Mouse_IMD_only_colored.png"
"hsa04390",157,157,18,0,1,110,1,"hsa04390_Human_to_Mouse_IMD_only_colored.png"
"hsa04510",203,203,56,7,7,72,4,"hsa04510_Human_to_Mouse_IMD_only_colored.png"
"hsa04512",89,89,0,0,1,146,1,"hsa04512_Human_to_Mouse_IMD_only_colored.png"
"hsa04517",299,299,57,4,7,343,10,"hsa04517_Human_to_Mouse_IMD_only_colored.png"
"hsa04518",154,154,20,3,5,185,2,"hsa04518_Human_to_Mouse_IMD_only_colored.png"
"hsa04520",93,93,33,1,1,99,1,"hsa04520_Human_to_Mouse_IMD_only_colored.png"
"hsa04530",170,170,25,0,1,138,1,"hsa04530_Human_to_Mouse_IMD_only_colored.png"
"hsa04540",89,89,39,3,6,49,3,"hsa04540_Human_to_Mouse_IMD_only_colored.png"
"hsa04550",144,144,36,3,5,108,4,"hsa04550_Human_to_Mouse_IMD_only_colored.png"
"hsa04611",126,126,63,9,14,79,8,"hsa04611_Human_to_Mouse_IMD_only_colored.png"
"hsa04612",81,81,9,1,1,46,2,"hsa04612_Human_to_Mouse_IMD_only_colored.png"
"hsa04613",194,194,48,7,10,99,4,"hsa04613_Human_to_Mouse_IMD_only_colored.png"
"hsa04614",23,23,17,1,2,34,2,"hsa04614_Human_to_Mouse_IMD_only_colored.png"
"hsa04620",109,109,35,5,8,102,5,"hsa04620_Human_to_Mouse_IMD_only_colored.png"
"hsa04621",187,187,48,9,16,182,14,"hsa04621_Human_to_Mouse_IMD_only_colored.png"
"hsa04622",72,72,31,6,5,66,5,"hsa04622_Human_to_Mouse_IMD_only_colored.png"
"hsa04623",83,83,25,5,9,62,5,"hsa04623_Human_to_Mouse_IMD_only_colored.png"
"hsa04625",105,105,37,4,9,177,7,"hsa04625_Human_to_Mouse_IMD_only_colored.png"
"hsa04630",168,168,23,3,6,115,5,"hsa04630_Human_to_Mouse_IMD_only_colored.png"
"hsa04640",100,100,8,0,1,138,1,"hsa04640_Human_to_Mouse_IMD_only_colored.png"
"hsa04650",133,133,28,3,5,102,3,"hsa04650_Human_to_Mouse_IMD_only_colored.png"
"hsa04657",94,94,29,1,1,107,1,"hsa04657_Human_to_Mouse_IMD_only_colored.png"
"hsa04660",122,123,50,3,5,80,2,"hsa04660_Human_to_Mouse_IMD_only_colored.png"
"hsa04662",84,84,26,6,8,57,5,"hsa04662_Human_to_Mouse_IMD_only_colored.png"
"hsa04664",69,69,39,5,7,48,4,"hsa04664_Human_to_Mouse_IMD_only_colored.png"
"hsa04666",98,98,47,9,11,55,8,"hsa04666_Human_to_Mouse_IMD_only_colored.png"
"hsa04668",119,119,47,4,6,112,3,"hsa04668_Human_to_Mouse_IMD_only_colored.png"
"hsa04670",116,116,21,3,5,90,3,"hsa04670_Human_to_Mouse_IMD_only_colored.png"
"hsa04672",49,49,2,1,1,61,2,"hsa04672_Human_to_Mouse_IMD_only_colored.png"
"hsa04710",34,34,7,0,1,46,1,"hsa04710_Human_to_Mouse_IMD_only_colored.png"
"hsa04713",97,97,33,3,11,50,6,"hsa04713_Human_to_Mouse_IMD_only_colored.png"
"hsa04714",233,233,70,19,75,62,10,"hsa04714_Human_to_Mouse_IMD_only_colored.png"
"hsa04720",67,67,36,3,11,29,5,"hsa04720_Human_to_Mouse_IMD_only_colored.png"
"hsa04721",79,78,5,3,21,36,22,"hsa04721_Human_to_Mouse_IMD_only_colored.png"
"hsa04722",120,120,54,4,6,84,3,"hsa04722_Human_to_Mouse_IMD_only_colored.png"
"hsa04723",148,148,49,10,41,48,6,"hsa04723_Human_to_Mouse_IMD_only_colored.png"
"hsa04724",116,116,38,6,20,56,12,"hsa04724_Human_to_Mouse_IMD_only_colored.png"
"hsa04725",116,116,38,7,13,45,7,"hsa04725_Human_to_Mouse_IMD_only_colored.png"
"hsa04726",113,113,55,7,13,52,12,"hsa04726_Human_to_Mouse_IMD_only_colored.png"
"hsa04727",89,89,26,7,14,42,15,"hsa04727_Human_to_Mouse_IMD_only_colored.png"
"hsa04728",133,133,47,10,18,57,14,"hsa04728_Human_to_Mouse_IMD_only_colored.png"
"hsa04730",60,60,31,4,10,36,10,"hsa04730_Human_to_Mouse_IMD_only_colored.png"
"hsa04742",86,86,13,3,7,39,4,"hsa04742_Human_to_Mouse_IMD_only_colored.png"
"hsa04750",99,99,59,8,12,53,8,"hsa04750_Human_to_Mouse_IMD_only_colored.png"
"hsa04810",232,232,56,5,8,88,5,"hsa04810_Human_to_Mouse_IMD_only_colored.png"
"hsa04814",194,194,6,2,5,115,4,"hsa04814_Human_to_Mouse_IMD_only_colored.png"
"hsa04820",232,232,16,5,5,111,3,"hsa04820_Human_to_Mouse_IMD_only_colored.png"
"hsa04910",138,138,70,25,28,71,16,"hsa04910_Human_to_Mouse_IMD_only_colored.png"
"hsa04911",86,86,28,4,12,43,10,"hsa04911_Human_to_Mouse_IMD_only_colored.png"
"hsa04912",93,93,58,4,6,47,3,"hsa04912_Human_to_Mouse_IMD_only_colored.png"
"hsa04913",52,52,53,8,11,53,20,"hsa04913_Human_to_Mouse_IMD_only_colored.png"
"hsa04914",110,110,49,3,6,41,4,"hsa04914_Human_to_Mouse_IMD_only_colored.png"
"hsa04915",138,138,38,7,15,72,13,"hsa04915_Human_to_Mouse_IMD_only_colored.png"
"hsa04916",101,101,34,4,4,44,3,"hsa04916_Human_to_Mouse_IMD_only_colored.png"
"hsa04917",71,71,26,8,13,63,15,"hsa04917_Human_to_Mouse_IMD_only_colored.png"
"hsa04918",75,75,37,4,6,55,3,"hsa04918_Human_to_Mouse_IMD_only_colored.png"
"hsa04919",122,122,58,10,14,100,6,"hsa04919_Human_to_Mouse_IMD_only_colored.png"
"hsa04920",70,70,35,10,11,41,9,"hsa04920_Human_to_Mouse_IMD_only_colored.png"
"hsa04921",155,155,70,4,8,63,6,"hsa04921_Human_to_Mouse_IMD_only_colored.png"
"hsa04922",107,106,69,30,34,63,21,"hsa04922_Human_to_Mouse_IMD_only_colored.png"
"hsa04923",59,59,33,7,11,49,13,"hsa04923_Human_to_Mouse_IMD_only_colored.png"
"hsa04924",69,69,25,4,6,40,3,"hsa04924_Human_to_Mouse_IMD_only_colored.png"
"hsa04925",98,98,52,10,14,50,13,"hsa04925_Human_to_Mouse_IMD_only_colored.png"
"hsa04926",130,130,48,6,8,91,5,"hsa04926_Human_to_Mouse_IMD_only_colored.png"
"hsa04927",65,65,27,10,15,46,19,"hsa04927_Human_to_Mouse_IMD_only_colored.png"
"hsa04928",115,115,44,3,5,84,4,"hsa04928_Human_to_Mouse_IMD_only_colored.png"
"hsa04929",65,65,18,6,13,40,7,"hsa04929_Human_to_Mouse_IMD_only_colored.png"
"hsa04930",47,47,21,6,13,31,10,"hsa04930_Human_to_Mouse_IMD_only_colored.png"
"hsa04931",109,109,59,21,24,113,32,"hsa04931_Human_to_Mouse_IMD_only_colored.png"
"hsa04932",156,156,40,15,53,80,13,"hsa04932_Human_to_Mouse_IMD_only_colored.png"
"hsa04933",101,101,38,9,11,70,3,"hsa04933_Human_to_Mouse_IMD_only_colored.png"
"hsa04934",155,155,47,11,16,103,20,"hsa04934_Human_to_Mouse_IMD_only_colored.png"
"hsa04935",122,122,50,7,11,62,6,"hsa04935_Human_to_Mouse_IMD_only_colored.png"
"hsa04936",142,142,69,21,16,139,17,"hsa04936_Human_to_Mouse_IMD_only_colored.png"
"hsa04940",44,44,7,2,3,26,3,"hsa04940_Human_to_Mouse_IMD_only_colored.png"
"hsa04950",26,26,2,2,11,38,14,"hsa04950_Human_to_Mouse_IMD_only_colored.png"
"hsa04960",38,38,16,3,8,23,5,"hsa04960_Human_to_Mouse_IMD_only_colored.png"
"hsa04961",53,53,26,5,8,43,6,"hsa04961_Human_to_Mouse_IMD_only_colored.png"
"hsa04962",44,44,7,0,2,26,2,"hsa04962_Human_to_Mouse_IMD_only_colored.png"
"hsa04964",23,23,13,5,6,17,5,"hsa04964_Human_to_Mouse_IMD_only_colored.png"
"hsa04966",28,27,4,1,3,8,1,"hsa04966_Human_to_Mouse_IMD_only_colored.png"
"hsa04970",93,93,44,3,6,44,3,"hsa04970_Human_to_Mouse_IMD_only_colored.png"
"hsa04971",76,76,35,3,5,34,2,"hsa04971_Human_to_Mouse_IMD_only_colored.png"
"hsa04972",102,102,68,3,5,54,2,"hsa04972_Human_to_Mouse_IMD_only_colored.png"
"hsa04973",48,48,35,12,15,31,13,"hsa04973_Human_to_Mouse_IMD_only_colored.png"
"hsa04974",103,103,28,0,6,35,6,"hsa04974_Human_to_Mouse_IMD_only_colored.png"
"hsa04975",43,43,33,7,13,37,20,"hsa04975_Human_to_Mouse_IMD_only_colored.png"
"hsa04976",90,90,52,9,18,71,20,"hsa04976_Human_to_Mouse_IMD_only_colored.png"
"hsa04977",26,26,12,4,17,55,29,"hsa04977_Human_to_Mouse_IMD_only_colored.png"
"hsa04978",60,60,18,5,14,39,12,"hsa04978_Human_to_Mouse_IMD_only_colored.png"
"hsa04979",52,52,10,6,26,87,54,"hsa04979_Human_to_Mouse_IMD_only_colored.png"
"hsa04980",18,18,8,7,16,27,20,"hsa04980_Human_to_Mouse_IMD_only_colored.png"
"hsa04981",31,31,17,9,11,48,25,"hsa04981_Human_to_Mouse_IMD_only_colored.png"
"hsa05010",387,387,107,23,76,148,20,"hsa05010_Human_to_Mouse_IMD_only_colored.png"
"hsa05012",267,265,76,19,69,115,33,"hsa05012_Human_to_Mouse_IMD_only_colored.png"
"hsa05014",366,366,77,17,66,162,20,"hsa05014_Human_to_Mouse_IMD_only_colored.png"
"hsa05016",307,307,74,16,66,123,16,"hsa05016_Human_to_Mouse_IMD_only_colored.png"
"hsa05017",144,144,46,8,23,98,20,"hsa05017_Human_to_Mouse_IMD_only_colored.png"
"hsa05020",274,274,67,15,62,122,11,"hsa05020_Human_to_Mouse_IMD_only_colored.png"
"hsa05022",478,476,129,24,77,262,32,"hsa05022_Human_to_Mouse_IMD_only_colored.png"
"hsa05030",49,49,10,4,10,52,17,"hsa05030_Human_to_Mouse_IMD_only_colored.png"
"hsa05031",69,69,26,4,12,63,25,"hsa05031_Human_to_Mouse_IMD_only_colored.png"
"hsa05032",91,91,38,0,8,71,10,"hsa05032_Human_to_Mouse_IMD_only_colored.png"
"hsa05033",41,41,0,0,14,32,6,"hsa05033_Human_to_Mouse_IMD_only_colored.png"
"hsa05034",190,190,34,4,11,67,18,"hsa05034_Human_to_Mouse_IMD_only_colored.png"
"hsa05100",78,78,11,4,7,73,3,"hsa05100_Human_to_Mouse_IMD_only_colored.png"
"hsa05110",51,50,11,2,5,43,2,"hsa05110_Human_to_Mouse_IMD_only_colored.png"
"hsa05120",71,70,25,2,5,55,2,"hsa05120_Human_to_Mouse_IMD_only_colored.png"
"hsa05130",200,200,36,0,2,196,2,"hsa05130_Human_to_Mouse_IMD_only_colored.png"
"hsa05131",253,252,73,13,19,253,11,"hsa05131_Human_to_Mouse_IMD_only_colored.png"
"hsa05132",248,248,55,7,13,247,12,"hsa05132_Human_to_Mouse_IMD_only_colored.png"
"hsa05134",56,56,8,1,3,75,3,"hsa05134_Human_to_Mouse_IMD_only_colored.png"
"hsa05135",138,138,49,5,7,133,4,"hsa05135_Human_to_Mouse_IMD_only_colored.png"
"hsa05142",103,103,33,6,8,83,3,"hsa05142_Human_to_Mouse_IMD_only_colored.png"
"hsa05143",37,37,10,3,4,45,2,"hsa05143_Human_to_Mouse_IMD_only_colored.png"
"hsa05145",112,112,33,1,4,80,4,"hsa05145_Human_to_Mouse_IMD_only_colored.png"
"hsa05146",103,103,21,6,9,75,4,"hsa05146_Human_to_Mouse_IMD_only_colored.png"
"hsa05152",181,181,45,3,9,136,8,"hsa05152_Human_to_Mouse_IMD_only_colored.png"
"hsa05160",156,156,37,5,11,132,9,"hsa05160_Human_to_Mouse_IMD_only_colored.png"
"hsa05161",163,163,55,5,11,179,9,"hsa05161_Human_to_Mouse_IMD_only_colored.png"
"hsa05162",136,136,40,7,11,141,8,"hsa05162_Human_to_Mouse_IMD_only_colored.png"
"hsa05163",227,227,66,7,12,198,13,"hsa05163_Human_to_Mouse_IMD_only_colored.png"
"hsa05164",173,173,48,9,13,165,11,"hsa05164_Human_to_Mouse_IMD_only_colored.png"
"hsa05165",333,332,58,9,14,191,10,"hsa05165_Human_to_Mouse_IMD_only_colored.png"
"hsa05166",224,224,61,8,10,165,7,"hsa05166_Human_to_Mouse_IMD_only_colored.png"
"hsa05167",196,196,52,5,12,174,8,"hsa05167_Human_to_Mouse_IMD_only_colored.png"
"hsa05168",180,180,39,6,11,178,10,"hsa05168_Human_to_Mouse_IMD_only_colored.png"
"hsa05169",205,204,59,7,11,185,10,"hsa05169_Human_to_Mouse_IMD_only_colored.png"
"hsa05170",213,213,70,5,14,177,8,"hsa05170_Human_to_Mouse_IMD_only_colored.png"
"hsa05171",233,233,52,7,34,200,10,"hsa05171_Human_to_Mouse_IMD_only_colored.png"
"hsa05200",533,533,145,13,22,317,19,"hsa05200_Human_to_Mouse_IMD_only_colored.png"
"hsa05202",201,201,35,2,3,215,3,"hsa05202_Human_to_Mouse_IMD_only_colored.png"
"hsa05203",203,203,47,2,5,240,5,"hsa05203_Human_to_Mouse_IMD_only_colored.png"
"hsa05204",70,70,80,5,4,65,5,"hsa05204_Human_to_Mouse_IMD_only_colored.png"
"hsa05205",204,204,62,5,10,205,10,"hsa05205_Human_to_Mouse_IMD_only_colored.png"
"hsa05206",320,320,64,8,8,460,14,"hsa05206_Human_to_Mouse_IMD_only_colored.png"
"hsa05207",217,217,90,5,10,143,21,"hsa05207_Human_to_Mouse_IMD_only_colored.png"
"hsa05208",226,226,121,22,62,102,17,"hsa05208_Human_to_Mouse_IMD_only_colored.png"
"hsa05210",87,87,26,3,7,85,6,"hsa05210_Human_to_Mouse_IMD_only_colored.png"
"hsa05211",70,70,29,4,7,64,5,"hsa05211_Human_to_Mouse_IMD_only_colored.png"
"hsa05212",77,77,31,3,5,65,4,"hsa05212_Human_to_Mouse_IMD_only_colored.png"
"hsa05213",59,59,23,6,6,55,3,"hsa05213_Human_to_Mouse_IMD_only_colored.png"
"hsa05214",76,76,38,7,7,78,8,"hsa05214_Human_to_Mouse_IMD_only_colored.png"
"hsa05215",106,106,43,7,13,73,12,"hsa05215_Human_to_Mouse_IMD_only_colored.png"
"hsa05218",73,73,26,6,6,40,3,"hsa05218_Human_to_Mouse_IMD_only_colored.png"
"hsa05219",41,41,21,1,1,40,1,"hsa05219_Human_to_Mouse_IMD_only_colored.png"
"hsa05220",77,77,30,3,5,63,2,"hsa05220_Human_to_Mouse_IMD_only_colored.png"
"hsa05221",68,68,26,3,5,56,2,"hsa05221_Human_to_Mouse_IMD_only_colored.png"
"hsa05222",93,93,24,6,7,58,4,"hsa05222_Human_to_Mouse_IMD_only_colored.png"
"hsa05223",73,73,33,6,8,63,6,"hsa05223_Human_to_Mouse_IMD_only_colored.png"
"hsa05224",148,148,34,6,8,118,14,"hsa05224_Human_to_Mouse_IMD_only_colored.png"
"hsa05225",170,170,61,9,10,116,10,"hsa05225_Human_to_Mouse_IMD_only_colored.png"
"hsa05226",150,150,29,3,5,108,4,"hsa05226_Human_to_Mouse_IMD_only_colored.png"
"hsa05230",71,71,58,20,23,76,26,"hsa05230_Human_to_Mouse_IMD_only_colored.png"
"hsa05231",99,99,59,9,12,46,9,"hsa05231_Human_to_Mouse_IMD_only_colored.png"
"hsa05235",90,90,43,6,6,87,8,"hsa05235_Human_to_Mouse_IMD_only_colored.png"
"hsa05322",140,140,6,0,2,61,2,"hsa05322_Human_to_Mouse_IMD_only_colored.png"
"hsa05323",95,94,8,2,5,57,2,"hsa05323_Human_to_Mouse_IMD_only_colored.png"
"hsa05340",38,38,12,3,3,52,3,"hsa05340_Human_to_Mouse_IMD_only_colored.png"
"hsa05410",99,99,8,0,1,53,1,"hsa05410_Human_to_Mouse_IMD_only_colored.png"
"hsa05415",204,204,84,33,73,102,25,"hsa05415_Human_to_Mouse_IMD_only_colored.png"
"hsa05416",70,70,7,0,1,52,1,"hsa05416_Human_to_Mouse_IMD_only_colored.png"
"hsa05417",216,216,75,8,18,215,17,"hsa05417_Human_to_Mouse_IMD_only_colored.png"
"hsa05418",142,142,65,5,9,108,9,"hsa05418_Human_to_Mouse_IMD_only_colored.png"
